<?xml version="1.0" encoding="UTF-8"?> 

<workflow-app xmlns="uri:oozie:workflow:0.2" name="cm-creditcardsystem">

	<start to="sqoop-branch"/>

	<action name="sqoop-branch"> <!--node name--> 

		<sqoop xmlns="uri:oozie:sqoop-action:0.2"> 

			<job-tracker>${jobTracker}</job-tracker> <!--job tracking node is http://sandbox.hortonworks.com:8050 which is define in job properties--> 

			<name-node>${nameNode}</name-node> <!--name node is http://sandbox.hortonworks.com:8020 which is defined in job properties--> 

			<prepare> 
				<delete path="${nameNode}/user/cm/cmdata/CREDIT_CARD_SYSTEM/CDW_SAPP_BRANCH"/> 
			</prepare>

			<configuration> 

				<property> 

					<name>mapred.job.queue.name</name> 

					<value>${queueName}</value> 
				</property> 

			</configuration> 

			<command>job --meta-connect jdbc:hsqldb:hsql://localhost:16000/sqoop --exec etlBranchData
			</command> <!-- get data from mysql using sqoop and store data at /user/maria_dev/movies directory --> 

			 <file>/user/cm/cmdata/cs/coordinator/java-json.jar#java-json.jar</file>
		</sqoop> 

		<ok to="sqoop-credit"/>  <!-- if everything is ok then go to Sqoop Job for CREDITCARD  --> 

		<error to="fail"/>

	</action>

	<action name="sqoop-credit"> <!--node name--> 

		<sqoop xmlns="uri:oozie:sqoop-action:0.2"> 

			<job-tracker>${jobTracker}</job-tracker> <!--job tracking node is http://sandbox.hortonworks.com:8050 which is define in job properties--> 

			<name-node>${nameNode}</name-node> <!--name node is http://sandbox.hortonworks.com:8020 which is defined in job properties--> 

			<prepare> 
				<delete path="${nameNode}/user/cm/cmdata/CREDIT_CARD_SYSTEM/CDW_SAPP_CREDIT"/> 
			</prepare>

			<configuration> 

				<property>  

					<name>mapred.job.queue.name</name> 

					<value>${queueName}</value> 
				</property> 

			</configuration> 

			<command>job --meta-connect jdbc:hsqldb:hsql://localhost:16000/sqoop --exec etlCreditCardData
			</command> <!-- get data from mysql using sqoop and store data at /user/maria_dev/movies directory --> 

			<file>/user/cm/cmdata/cs/coordinator/java-json.jar#java-json.jar</file>
		</sqoop>

		<ok to="sqoop-timeid"/>  <!-- if everything is ok then go to Sqoop Job for TIMEID  --> 

		<error to="fail"/>

	</action>

	<action name="sqoop-timeid"> <!--node name--> 

		<sqoop xmlns="uri:oozie:sqoop-action:0.2"> 

			<job-tracker>${jobTracker}</job-tracker> <!--job tracking node is http://sandbox.hortonworks.com:8050 which is define in job properties--> 

			<name-node>${nameNode}</name-node> <!--name node is http://sandbox.hortonworks.com:8020 which is defined in job properties--> 

			<prepare> 
				<delete path="${nameNode}/user/cm/cmdata/CREDIT_CARD_SYSTEM/CDW_SAPP_TIME"/> 
			</prepare>

			<configuration> 

				<property> 

					<name>mapred.job.queue.name</name> 

					<value>${queueName}</value> 
				</property> 

			</configuration> 

			<command>job --meta-connect jdbc:hsqldb:hsql://localhost:16000/sqoop --exec etlTimeIdData
			</command>

			<file>/user/cm/cmdata/cs/coordinator/java-json.jar#java-json.jar</file> 
		
		</sqoop>



		<ok to="sqoop-customer"/>  <!-- if everything is ok then go to Sqoop Job for CUSTOMER  --> 

		<error to="fail"/>

	</action>

	<action name="sqoop-customer"> <!--node name--> 

		<sqoop xmlns="uri:oozie:sqoop-action:0.2"> 

			<job-tracker>${jobTracker}</job-tracker> <!--job tracking node is http://sandbox.hortonworks.com:8050 which is define in job properties--> 

			<name-node>${nameNode}</name-node> <!--name node is http://sandbox.hortonworks.com:8020 which is defined in job properties--> 

			<prepare> 
				<delete path="${nameNode}/user/cm/cmdata/CREDIT_CARD_SYSTEM/CDW_SAPP_CUSTOMER"/> 
			</prepare>

			<configuration> 

				<property> 

					<name>mapred.job.queue.name</name> 

					<value>${queueName}</value> 
				</property> 

			</configuration> 

			<command>job --meta-connect jdbc:hsqldb:hsql://localhost:16000/sqoop --exec etlCustomerData
			</command> 

			
		</sqoop> 

		<ok to="hive-branch"/>  <!-- if everything is ok then go to HIVE Job for BRANCH DATA  --> 

		<error to="fail"/>

	</action>

	<!-- HIVE ACTIONS NODES ===================  -->

	<action name="hive-branch"> 

		<hive xmlns="uri:oozie:hive-action:0.2"> 

			<job-tracker>${jobTracker}</job-tracker> 

			<name-node>${nameNode}</name-node> 

			<configuration> 

				<property> 

					<name>mapred.job.queue.name</name>
					<value>${queueName}</value> 

				</property> 

			</configuration> 

			<script>02Sept2018_BRANCHDATA-HIVEQUERY.sql</script> 

			<param>OUTPUT=/user/cm/cmdata/CREDIT_CARD_SYSTEM/CDW_SAPP_BRANCH</param> <!-- this output varibale is define inside the 02Sept2018_BRANCHDATA-HIVEQUERY.sql file --> 

		</hive> 
		

		<ok to="hive-credit"/> 

		<error to="fail"/> 

	</action>

	<action name="hive-credit"> 

		<hive xmlns="uri:oozie:hive-action:0.2"> 

			<job-tracker>${jobTracker}</job-tracker> 

			<name-node>${nameNode}</name-node> 

			<configuration> 

				<property> 

					<name>mapred.job.queue.name</name>
					<value>${queueName}</value> 

				</property> 

			</configuration> 

			<script>02Sept2018_CREDITDATA-HIVEQUERY.sql</script> 

			<param>OUTPUT=/user/cm/cmdata/CREDIT_CARD_SYSTEM/CDW_SAPP_CREDITCARD</param> <!-- this output varibale is define inside the 02Sept2018_BRANCHDATA-HIVEQUERY.sql file --> 

		</hive> 
		
		<ok to="hive-timeidcustomer"/> 

		<error to="fail"/> 

	</action>

	<action name="hive-timeidcustomer"> 

		<hive xmlns="uri:oozie:hive-action:0.2"> 

			<job-tracker>${jobTracker}</job-tracker> 

			<name-node>${nameNode}</name-node> 

			<configuration> 

				<property> 

					<name>mapred.job.queue.name</name>
					<value>${queueName}</value> 

				</property> 

			</configuration> 

			<script>02Sept2018_TIMEIDCUSTOMERDATA-HIVEQUERY.sql</script> 

			
		</hive> 

		<ok to="end"/> 

		<error to="fail"/> 

	</action>
	

	<kill name="fail"> 
			<message>Sqoop failed, error message[${wf:errorMessage(wf:lastErrorNode())}]</message> 

		</kill> 

		<end name="end"/> 

</workflow-app>